{
  "numSamples": 3,
  "engine": "text-davinci-003",
  "niter": 5,
  "exp1": {
    "useSame": true,
    "oneShot": false,
    "bleu-1": [
      0.0015000000000000002,
      0.12109999999999999,
      0.12696666666666667,
      0.12623333333333334,
      0.12756666666666666
    ],
    "bleu-2": [
      0.0,
      0.011166666666666667,
      0.013300000000000001,
      0.0052,
      0.0126
    ]
  },
  "exp2": {
    "useSame": true,
    "oneShot": true,
    "bleu-1": [
      0.0015000000000000002,
      0.25889999999999996,
      0.2559,
      0.2565,
      0.2541
    ],
    "bleu-2": [
      0.0,
      0.0448,
      0.028233333333333333,
      0.028466666666666668,
      0.027899999999999998
    ]
  },
  "exp3": {
    "useSame": false,
    "oneShot": false,
    "bleu-1": [
      0.0015000000000000002,
      0.11213333333333332,
      0.10706666666666668,
      0.09306666666666667,
      0.10906666666666666
    ],
    "bleu-2": [
      0.0,
      0.0155,
      0.014499999999999999,
      0.0063,
      0.017033333333333334
    ]
  },
  "exp4": {
    "useSame": false,
    "oneShot": true,
    "bleu-1": [
      0.0015000000000000002,
      0.3080333333333333,
      0.32903333333333334,
      0.3009,
      0.3066
    ],
    "bleu-2": [
      0.0,
      0.053,
      0.05883333333333333,
      0.03213333333333333,
      0.046033333333333336
    ]
  }
}