{
  "numSamples": 3,
  "engine": "text-curie-001",
  "niter": 5,
  "exp1": {
    "useSame": true,
    "oneShot": false,
    "bleu-1": [
      0.0015000000000000002,
      0.05223333333333333,
      0.03843333333333334,
      0.013199999999999998,
      0.013199999999999998
    ],
    "bleu-2": [
      0.0,
      0.0,
      0.0,
      0.0,
      0.0
    ]
  },
  "exp2": {
    "useSame": true,
    "oneShot": true,
    "bleu-1": [
      0.0015000000000000002,
      0.8926,
      0.8926,
      0.8926,
      0.8926
    ],
    "bleu-2": [
      0.0,
      0.8537666666666667,
      0.8537666666666667,
      0.8537666666666667,
      0.8537666666666667
    ]
  },
  "exp3": {
    "useSame": false,
    "oneShot": false,
    "bleu-1": [
      0.0015000000000000002,
      0.1169,
      0.06823333333333333,
      0.050333333333333334,
      0.06256666666666667
    ],
    "bleu-2": [
      0.0,
      0.0238,
      3.3333333333333335e-05,
      0.006166666666666667,
      0.0063
    ]
  },
  "exp4": {
    "useSame": false,
    "oneShot": true,
    "bleu-1": [
      0.0015000000000000002,
      0.49826666666666664,
      0.47859999999999997,
      0.49089999999999995,
      0.49146666666666666
    ],
    "bleu-2": [
      0.0,
      0.3327666666666667,
      0.3322,
      0.3374,
      0.3323
    ]
  }
}